Club Name,Wikipedia Link
1874 Northwich,https://en.wikipedia.org/wiki/1874_Northwich_F.C.
A.F.C. Aldermaston,https://en.wikipedia.org/wiki/A.F.C._Aldermaston
A.F.C. Blackpool,https://en.wikipedia.org/wiki/A.F.C._Blackpool
A.F.C Bournemouth,https://en.wikipedia.org/wiki/AFC_Bournemouth
A.F.C. Bridgnorth,https://en.wikipedia.org/wiki/A.F.C._Bridgnorth
A.F.C. Croydon Athletic,https://en.wikipedia.org/wiki/AFC_Croydon_Athletic
A.F.C. Dunstable,https://en.wikipedia.org/wiki/AFC_Dunstable
A.F.C. Fylde,https://en.wikipedia.org/wiki/AFC_Fylde
A.F.C. Liverpool,https://en.wikipedia.org/wiki/A.F.C._Liverpool
A.F.C. Mansfield,https://en.wikipedia.org/wiki/A.F.C._Mansfield
A.F.C. Portchester,https://en.wikipedia.org/wiki/A.F.C._Portchester
A.F.C. Rushden & Diamonds,https://en.wikipedia.org/wiki/AFC_Rushden_%26_Diamonds
A.F.C. St Austell,https://en.wikipedia.org/wiki/A.F.C._St_Austell
A.F.C. Stoneham,https://en.wikipedia.org/wiki/A.F.C._Stoneham
A.F.C. Sudbury,https://en.wikipedia.org/wiki/A.F.C._Sudbury
A.F.C. Sudbury Reserves,https://en.wikipedia.org/wiki/A.F.C._Sudbury
A.F.C. Telford United,https://en.wikipedia.org/wiki/AFC_Telford_United
A.F.C. Totton,https://en.wikipedia.org/wiki/A.F.C._Totton
A.F.C. Uckfield Town,https://en.wikipedia.org/wiki/A.F.C._Uckfield_Town
A.F.C. Varndeanians,https://en.wikipedia.org/wiki/AFC_Varndeanians_F.C.
A.F.C. Welwyn,https://en.wikipedia.org/wiki/AFC_Welwyn
A.F.C. Whyteleafe,https://en.wikipedia.org/wiki/AFC_Whyteleafe
A.F.C. Wimbledon,https://en.wikipedia.org/wiki/AFC_Wimbledon
A.F.C. Wulfrunians,https://en.wikipedia.org/wiki/A.F.C._Wulfrunians
Abbey Hey,https://en.wikipedia.org/wiki/Abbey_Hey_F.C.
Abbey Hulton United,https://en.wikipedia.org/wiki/Abbey_Hulton_United_F.C.
Abbey Rangers,https://en.wikipedia.org/wiki/Abbey_Rangers_F.C.
Abingdon United,https://en.wikipedia.org/wiki/Abingdon_United_F.C.
Accrington Stanley,https://en.wikipedia.org/wiki/Accrington_Stanley_F.C.
AEK Boco,https://en.wikipedia.org/wiki/AEK_Boco_F.C.
Albion Sports,https://en.wikipedia.org/wiki/Albion_Sports_A.F.C.
Aldershot Town,https://en.wikipedia.org/wiki/Aldershot_Town_F.C.
Alfold,https://en.wikipedia.org/wiki/Alfold_F.C.
Alfreton Town,https://en.wikipedia.org/wiki/Alfreton_Town_F.C.
Allexton & New Parks,https://en.wikipedia.org/wiki/Allexton_%26_New_Parks_F.C.
Allscott Heath,https://en.wikipedia.org/wiki/Allscott_Heath_F.C.
Alnwick Town,https://en.wikipedia.org/wiki/Alnwick_Town_A.F.C.
Alresford Town,https://en.wikipedia.org/wiki/Alresford_Town_F.C.
Alsager Town,https://en.wikipedia.org/wiki/Alsager_Town_F.C.
Alton,https://en.wikipedia.org/wiki/Alton_F.C.
Altrincham,https://en.wikipedia.org/wiki/Altrincham_F.C.
Alvechurch,https://en.wikipedia.org/wiki/Alvechurch_F.C.
Amersham Town,https://en.wikipedia.org/wiki/Amersham_Town_F.C.
Amesbury Town,https://en.wikipedia.org/wiki/Amesbury_Town_F.C.
Ampthill Town,https://en.wikipedia.org/wiki/Ampthill_Town_F.C.
Andover New Street,https://en.wikipedia.org/wiki/Andover_New_Street_F.C.
Anstey Nomads,https://en.wikipedia.org/wiki/Anstey_Nomads_F.C.
Appleby Frodingham,https://en.wikipedia.org/wiki/Appleby_Frodingham_F.C.
Ardley United,https://en.wikipedia.org/wiki/Ardley_United_F.C.
Arlesey Town,https://en.wikipedia.org/wiki/Arlesey_Town_F.C.
Armthorpe Welfare,https://en.wikipedia.org/wiki/Armthorpe_Welfare_F.C.
Arsenal,https://en.wikipedia.org/wiki/Arsenal_F.C.
Arundel,https://en.wikipedia.org/wiki/Arundel_F.C.
AS London,https://en.wikipedia.org/wiki/AS_London_F.C.
Ascot United,https://en.wikipedia.org/wiki/Ascot_United_F.C.
Ash United,https://en.wikipedia.org/wiki/Ash_United_F.C.
Ashby Ivanhoe,https://en.wikipedia.org/wiki/Ashby_Ivanhoe_F.C.
Ashford Town,https://en.wikipedia.org/wiki/Ashford_Town_F.C.
Ashford United,https://en.wikipedia.org/wiki/Ashford_United_F.C.
Ashington,https://en.wikipedia.org/wiki/Ashington_A.F.C.
Ashton Athletic,https://en.wikipedia.org/wiki/Ashton_Athletic_F.C.
Ashton Town,https://en.wikipedia.org/wiki/Ashton_Town_A.F.C.
Ashton United,https://en.wikipedia.org/wiki/Ashton_United_F.C.
Ashville,https://en.wikipedia.org/wiki/Ashville_F.C.
Aston Villa,https://en.wikipedia.org/wiki/Aston_Villa_F.C.
Athersley Recreation,https://en.wikipedia.org/wiki/Athersley_Recreation_F.C.
Atherstone Town,https://en.wikipedia.org/wiki/Atherstone_Town_F.C.
Atherton Collieries,https://en.wikipedia.org/wiki/Atherton_Collieries_A.F.C.
Atherton Laburnum Rovers,https://en.wikipedia.org/wiki/Atherton_Laburnum_Rovers_F.C.
Athletic Newham,https://en.wikipedia.org/wiki/Athletic_Newham_F.C.
Aveley,https://en.wikipedia.org/wiki/Aveley_F.C.
Avonmouth,https://en.wikipedia.org/wiki/Avonmouth_F.C.
Avro,https://en.wikipedia.org/wiki/Avro_F.C.
Axminster Town,https://en.wikipedia.org/wiki/Axminster_Town_A.F.C.
Aylesbury United,https://en.wikipedia.org/wiki/Aylesbury_United_F.C.
Aylesbury Vale Dynamos,https://en.wikipedia.org/wiki/Aylesbury_Vale_Dynamos_F.C.
Aylestone Park,https://en.wikipedia.org/wiki/Aylestone_Park_F.C.
Bacup Borough,https://en.wikipedia.org/wiki/Bacup_Borough_F.C.
Badshot Lea,https://en.wikipedia.org/wiki/Badshot_Lea_F.C.
Baffins Milton Rovers,https://en.wikipedia.org/wiki/Baffins_Milton_Rovers_F.C.
Baldock Town,https://en.wikipedia.org/wiki/Baldock_Town_F.C.
Balham,https://en.wikipedia.org/wiki/Balham_F.C.
Bamber Bridge,https://en.wikipedia.org/wiki/Bamber_Bridge_F.C.
Banbury United,https://en.wikipedia.org/wiki/Banbury_United_F.C.
Banstead Athletic,https://en.wikipedia.org/wiki/Banstead_Athletic_F.C.
Barking,https://en.wikipedia.org/wiki/Barking_F.C.
Barkingside,https://en.wikipedia.org/wiki/Barkingside_F.C.
Barnet,https://en.wikipedia.org/wiki/Barnet_F.C.
Barnoldswick Town,https://en.wikipedia.org/wiki/Barnoldswick_Town_F.C.
Barnsley,https://en.wikipedia.org/wiki/Barnsley_F.C.
Barnstaple Town,https://en.wikipedia.org/wiki/Barnstaple_Town_F.C.
Barnton,https://en.wikipedia.org/wiki/Barnton_F.C.
Barrow,https://en.wikipedia.org/wiki/Barrow_A.F.C.
Barton Rovers,https://en.wikipedia.org/wiki/Barton_Rovers_F.C.
Barton Town,https://en.wikipedia.org/wiki/Barton_Town_F.C.
Barwell,https://en.wikipedia.org/wiki/Barwell_F.C.
Basford United,https://en.wikipedia.org/wiki/Basford_United_F.C.
Bashley,https://en.wikipedia.org/wiki/Bashley_F.C.
Basildon Town,https://en.wikipedia.org/wiki/Basildon_Town_F.C.
Basildon United,https://en.wikipedia.org/wiki/Basildon_United_F.C.
Basingstoke Town,https://en.wikipedia.org/wiki/Basingstoke_Town_F.C.
Bath City,https://en.wikipedia.org/wiki/Bath_City_F.C.
Beaconsfield Town,https://en.wikipedia.org/wiki/Beaconsfield_Town_F.C.
Bearsted,https://en.wikipedia.org/wiki/Bearsted_F.C.
Beckenham Town,https://en.wikipedia.org/wiki/Beckenham_Town_F.C.
Bedfont,https://en.wikipedia.org/wiki/Bedfont_F.C.
Bedfont Sports,https://en.wikipedia.org/wiki/Bedfont_Sports_F.C.
Bedford Town,https://en.wikipedia.org/wiki/Bedford_Town_F.C.
Bedlington Terriers,https://en.wikipedia.org/wiki/Bedlington_Terriers_F.C.
Bedworth United,https://en.wikipedia.org/wiki/Bedworth_United_F.C.
Belper Town,https://en.wikipedia.org/wiki/Belper_Town_F.C.
Belper United,https://en.wikipedia.org/wiki/Belper_United_F.C.
Belstone,https://en.wikipedia.org/wiki/Belstone_F.C.
Bemerton Heath Harlequins,https://en.wikipedia.org/wiki/Bemerton_Heath_Harlequins_F.C.
Benfleet,https://en.wikipedia.org/wiki/Benfleet_F.C.
Berkhamsted,https://en.wikipedia.org/wiki/Berkhamsted_F.C.
Berks County,https://en.wikipedia.org/wiki/Berks_County_F.C.
Beverley Town,https://en.wikipedia.org/wiki/Beverley_Town_F.C.
Bewdley Town,https://en.wikipedia.org/wiki/Bewdley_Town_F.C.
Bexhill United,https://en.wikipedia.org/wiki/Bexhill_United_F.C.
Bideford,https://en.wikipedia.org/wiki/Bideford_A.F.C.
Biggleswade,https://en.wikipedia.org/wiki/Biggleswade_F.C.
Biggleswade Town,https://en.wikipedia.org/wiki/Biggleswade_Town_F.C.
Biggleswade United,https://en.wikipedia.org/wiki/Biggleswade_United_F.C.
Billericay Town,https://en.wikipedia.org/wiki/Billericay_Town_F.C.
Billingham Synthonia,https://en.wikipedia.org/wiki/Billingham_Synthonia_F.C.
Billingham Town,https://en.wikipedia.org/wiki/Billingham_Town_F.C.
Billingshurst,https://en.wikipedia.org/wiki/Billingshurst_F.C.
Bilston Town,https://en.wikipedia.org/wiki/Bilston_Town_F.C.
Binfield,https://en.wikipedia.org/wiki/Binfield_F.C.
Birmingham City,https://en.wikipedia.org/wiki/Birmingham_City_F.C.
Birstall United,https://en.wikipedia.org/wiki/Birstall_United_F.C.
Birtley Town,https://en.wikipedia.org/wiki/Birtley_Town_F.C.
Bishop Auckland,https://en.wikipedia.org/wiki/Bishop_Auckland_F.C.
Bishop's Cleeve,https://en.wikipedia.org/wiki/Bishop%27s_Cleeve_F.C.
Bishops Lydeard,https://en.wikipedia.org/wiki/Bishops_Lydeard_A.F.C.
Bishop's Stortford,https://en.wikipedia.org/wiki/Bishop%27s_Stortford_F.C.
Bitton,https://en.wikipedia.org/wiki/Bitton_A.F.C.
Blackburn Rovers,https://en.wikipedia.org/wiki/Blackburn_Rovers_F.C.
Blackfield & Langley,https://en.wikipedia.org/wiki/Blackfield_%26_Langley_F.C.
Blackpool,https://en.wikipedia.org/wiki/Blackpool_F.C.
Blackstones,https://en.wikipedia.org/wiki/Blackstones_F.C.
Blyth Spartans,https://en.wikipedia.org/wiki/Blyth_Spartans_F.C.
Blyth Town,https://en.wikipedia.org/wiki/Blyth_Town_F.C.
Bodmin Town,https://en.wikipedia.org/wiki/Bodmin_Town_F.C.
Bognor Regis Town,https://en.wikipedia.org/wiki/Bognor_Regis_Town_F.C.
Boldmere St. Michaels,https://en.wikipedia.org/wiki/Boldmere_St._Michaels_F.C.
Boldon Community Association,https://en.wikipedia.org/wiki/Boldon_Community_Association_F.C.
Bolton Wanderers,https://en.wikipedia.org/wiki/Bolton_Wanderers_F.C.
Bootle,https://en.wikipedia.org/wiki/Bootle_F.C.
Boreham Wood,https://en.wikipedia.org/wiki/Boreham_Wood_F.C.
Boro Rangers,https://en.wikipedia.org/wiki/Boro_Rangers_F.C.
Boston Town,https://en.wikipedia.org/wiki/Boston_Town_F.C.
Boston United,https://en.wikipedia.org/wiki/Boston_United_F.C.
Bottesford Town,https://en.wikipedia.org/wiki/Bottesford_Town_F.C.
Bourne Town,https://en.wikipedia.org/wiki/Bourne_Town_F.C.
Bournemouth,https://en.wikipedia.org/wiki/Bournemouth_F.C.
Bovey Tracey,https://en.wikipedia.org/wiki/Bovey_Tracey_A.F.C.
Bowers & Pitsea,https://en.wikipedia.org/wiki/Bowers_%26_Pitsea_F.C.
Brackley Town,https://en.wikipedia.org/wiki/Brackley_Town_F.C.
Bracknell Town,https://en.wikipedia.org/wiki/Bracknell_Town_F.C.
Bradford City,https://en.wikipedia.org/wiki/Bradford_City_A.F.C.
Bradford (Park Avenue),https://en.wikipedia.org/wiki/Bradford_Park_Avenue_A.F.C.
Bradford Town,https://en.wikipedia.org/wiki/Bradford_Town_F.C.
Braintree Town,https://en.wikipedia.org/wiki/Braintree_Town_F.C.
Brantham Athletic,https://en.wikipedia.org/wiki/Brantham_Athletic_F.C.
Brentford,https://en.wikipedia.org/wiki/Brentford_F.C.
Brentwood Town,https://en.wikipedia.org/wiki/Brentwood_Town_F.C.
Bridgwater United,https://en.wikipedia.org/wiki/Bridgwater_United_F.C.
Bridlington Town,https://en.wikipedia.org/wiki/Bridlington_Town_A.F.C.
Bridon Ropes,https://en.wikipedia.org/wiki/Bridon_Ropes_F.C.
Bridport,https://en.wikipedia.org/wiki/Bridport_F.C.
Brigg Town,https://en.wikipedia.org/wiki/Brigg_Town_F.C.
Brighouse Town,https://en.wikipedia.org/wiki/Brighouse_Town_F.C.
Brightlingsea Regent,https://en.wikipedia.org/wiki/Brightlingsea_Regent_F.C.
Brighton & Hove Albion,https://en.wikipedia.org/wiki/Brighton_%26_Hove_Albion_F.C.
Brimscombe & Thrupp,https://en.wikipedia.org/wiki/Brimscombe_%26_Thrupp_F.C.
Brimsdown,https://en.wikipedia.org/wiki/Brimsdown_F.C.
Brislington,https://en.wikipedia.org/wiki/Brislington_F.C.
Bristol City,https://en.wikipedia.org/wiki/Bristol_City_F.C.
Bristol Manor Farm,https://en.wikipedia.org/wiki/Bristol_Manor_Farm_F.C.
Bristol Rovers,https://en.wikipedia.org/wiki/Bristol_Rovers_F.C.
Bristol Telephones,https://en.wikipedia.org/wiki/Bristol_Telephones_F.C.
British Airways,https://en.wikipedia.org/wiki/British_Airways_F.C.
Brixham,https://en.wikipedia.org/wiki/Brixham_A.F.C.
Broadbridge Heath,https://en.wikipedia.org/wiki/Broadbridge_Heath_F.C.
Broadfields United,https://en.wikipedia.org/wiki/Broadfields_United_F.C.
Brockenhurst,https://en.wikipedia.org/wiki/Brockenhurst_F.C.
Brocton,https://en.wikipedia.org/wiki/Brocton_F.C.
Bromley,https://en.wikipedia.org/wiki/Bromley_F.C.
Bromsgrove Sporting,https://en.wikipedia.org/wiki/Bromsgrove_Sporting_F.C.
Brook House,https://en.wikipedia.org/wiki/Brook_House_F.C.
Buckhurst Hill,https://en.wikipedia.org/wiki/Buckhurst_Hill_F.C.
Buckingham,https://en.wikipedia.org/wiki/Buckingham_F.C.
Buckland Athletic,https://en.wikipedia.org/wiki/Buckland_Athletic_A.F.C.
Bude Town,https://en.wikipedia.org/wiki/Bude_Town_F.C.
Bugbrooke St Michaels,https://en.wikipedia.org/wiki/Bugbrooke_St_Michaels_F.C.
Burgess Hill Town,https://en.wikipedia.org/wiki/Burgess_Hill_Town_F.C.
Burnham,https://en.wikipedia.org/wiki/Burnham_F.C.
Burnham Ramblers,https://en.wikipedia.org/wiki/Burnham_Ramblers_F.C.
Burnley,https://en.wikipedia.org/wiki/Burnley_F.C.
Burscough,https://en.wikipedia.org/wiki/Burscough_F.C.
Burton Albion,https://en.wikipedia.org/wiki/Burton_Albion_F.C.
Bury,https://en.wikipedia.org/wiki/Bury_F.C.
Bury Town,https://en.wikipedia.org/wiki/Bury_Town_F.C.
Buxton,https://en.wikipedia.org/wiki/Buxton_F.C.
Cadbury Heath,https://en.wikipedia.org/wiki/Cadbury_Heath_F.C.
Callington Town,https://en.wikipedia.org/wiki/Callington_Town_F.C.
Calne Town,https://en.wikipedia.org/wiki/Calne_Town_F.C.
Camberley Town,https://en.wikipedia.org/wiki/Camberley_Town_F.C.
Cambridge City,https://en.wikipedia.org/wiki/Cambridge_City_F.C.
Cambridge United,https://en.wikipedia.org/wiki/Cambridge_United_F.C.
Camelford,https://en.wikipedia.org/wiki/Camelford_F.C.
Cammell Laird 1907,https://en.wikipedia.org/wiki/Cammell_Laird_1907_F.C.
Campion,https://en.wikipedia.org/wiki/Campion_A.F.C.
Cannons Wood,https://en.wikipedia.org/wiki/Cannons_Wood_F.C.
Canterbury City,https://en.wikipedia.org/wiki/Canterbury_City_F.C.
Canvey Island,https://en.wikipedia.org/wiki/Canvey_Island_F.C.
Cardiff City (WE),https://en.wikipedia.org/wiki/Cardiff_City_F.C.
Carlisle City,https://en.wikipedia.org/wiki/Carlisle_City_F.C.
Carlisle United,https://en.wikipedia.org/wiki/Carlisle_United_F.C.
Carlton Town,https://en.wikipedia.org/wiki/Carlton_Town_F.C.
Carshalton Athletic,https://en.wikipedia.org/wiki/Carshalton_Athletic_F.C.
Carterton,https://en.wikipedia.org/wiki/Carterton_F.C.
Chadderton,https://en.wikipedia.org/wiki/Chadderton_F.C.
Chalfont St Peter,https://en.wikipedia.org/wiki/Chalfont_St_Peter_F.C.
Charlton Athletic,https://en.wikipedia.org/wiki/Charlton_Athletic_F.C.
Charnock Richard,https://en.wikipedia.org/wiki/Charnock_Richard_F.C.
Chasetown,https://en.wikipedia.org/wiki/Chasetown_F.C.
Chatham Town,https://en.wikipedia.org/wiki/Chatham_Town_F.C.
Cheadle Heath Nomads,https://en.wikipedia.org/wiki/Cheadle_Heath_Nomads_F.C.
Cheadle Town,https://en.wikipedia.org/wiki/Cheadle_Town_F.C.
Cheddar,https://en.wikipedia.org/wiki/Cheddar_A.F.C.
Chelmsford City,https://en.wikipedia.org/wiki/Chelmsford_City_F.C.
Chelmsley Town,https://en.wikipedia.org/wiki/Chelmsley_Town_F.C.
Chelsea,https://en.wikipedia.org/wiki/Chelsea_F.C.
Cheltenham Saracens,https://en.wikipedia.org/wiki/Cheltenham_Saracens_F.C.
Cheltenham Town,https://en.wikipedia.org/wiki/Cheltenham_Town_F.C.
Chertsey Town,https://en.wikipedia.org/wiki/Chertsey_Town_F.C.
Chesham United,https://en.wikipedia.org/wiki/Chesham_United_F.C.
Cheshunt,https://en.wikipedia.org/wiki/Cheshunt_F.C.
Chessington & Hook United,https://en.wikipedia.org/wiki/Chessington_%26_Hook_United_F.C.
Chester,https://en.wikipedia.org/wiki/Chester_F.C.
Chesterfield,https://en.wikipedia.org/wiki/Chesterfield_F.C.
Chester-le-Street Town,https://en.wikipedia.org/wiki/Chester-le-Street_Town_F.C.
Chester-le-Street United,https://en.wikipedia.org/wiki/Chester-le-Street_United_F.C.
Chichester City,https://en.wikipedia.org/wiki/Chichester_City_F.C.
Chippenham Town,https://en.wikipedia.org/wiki/Chippenham_Town_F.C.
Chipping Sodbury Town,https://en.wikipedia.org/wiki/Chipping_Sodbury_Town_F.C.
Chipstead,https://en.wikipedia.org/wiki/Chipstead_F.C.
Chorley,https://en.wikipedia.org/wiki/Chorley_F.C.
Christchurch,https://en.wikipedia.org/wiki/Christchurch_F.C.
Cinderford Town,https://en.wikipedia.org/wiki/Cinderford_Town_A.F.C.
Cirencester Town,https://en.wikipedia.org/wiki/Cirencester_Town_F.C.
City of Liverpool,https://en.wikipedia.org/wiki/City_of_Liverpool_F.C.
Clanfield (Hampshire),https://en.wikipedia.org/wiki/Clanfield_F.C._(Hampshire)
Clanfield (85),https://en.wikipedia.org/wiki/Clanfield_F.C.
Clapton Community,https://en.wikipedia.org/wiki/Clapton_Community_F.C.
Clay Cross Town,https://en.wikipedia.org/wiki/Clay_Cross_Town_F.C.
Cleethorpes Town,https://en.wikipedia.org/wiki/Cleethorpes_Town_F.C.
Clevedon Town,https://en.wikipedia.org/wiki/Clevedon_Town_F.C.
Clifton All Whites,https://en.wikipedia.org/wiki/Clifton_All_Whites_F.C.
Clipstone,https://en.wikipedia.org/wiki/Clipstone_F.C.
Clitheroe,https://en.wikipedia.org/wiki/Clitheroe_F.C.
Club Thorne Colliery,https://en.wikipedia.org/wiki/Club_Thorne_Colliery_F.C.
Coalville Town,https://en.wikipedia.org/wiki/Coalville_Town_F.C.
Cobham,https://en.wikipedia.org/wiki/Cobham_F.C.
Cockfosters,https://en.wikipedia.org/wiki/Cockfosters_F.C.
Cogenhoe United,https://en.wikipedia.org/wiki/Cogenhoe_United_F.C.
Coggeshall Town,https://en.wikipedia.org/wiki/Coggeshall_Town_F.C.
Colchester United,https://en.wikipedia.org/wiki/Colchester_United_F.C.
Coleshill Town,https://en.wikipedia.org/wiki/Coleshill_Town_F.C.
Colliers Wood United,https://en.wikipedia.org/wiki/Colliers_Wood_United_F.C.
Colne,https://en.wikipedia.org/wiki/Colne_F.C.
Colney Heath,https://en.wikipedia.org/wiki/Colney_Heath_F.C.
Concord Rangers,https://en.wikipedia.org/wiki/Concord_Rangers_F.C.
Congleton Town,https://en.wikipedia.org/wiki/Congleton_Town_F.C.
Consett,https://en.wikipedia.org/wiki/Consett_A.F.C.
Copthorne,https://en.wikipedia.org/wiki/Copthorne_F.C.
Corby Town,https://en.wikipedia.org/wiki/Corby_Town_F.C.
Corinthian,https://en.wikipedia.org/wiki/Corinthian_F.C._(Kent)
Corinthian-Casuals,https://en.wikipedia.org/wiki/Corinthian-Casuals_F.C.
Cornard United,https://en.wikipedia.org/wiki/Cornard_United_F.C.
Corsham Town,https://en.wikipedia.org/wiki/Corsham_Town_F.C.
Coton Green,https://en.wikipedia.org/wiki/Coton_Green_F.C.
Cove,https://en.wikipedia.org/wiki/Cove_F.C.
Coventry City,https://en.wikipedia.org/wiki/Coventry_City_F.C.
Coventry Copsewood,https://en.wikipedia.org/wiki/Coventry_Copsewood_F.C.
Coventry Sphinx,https://en.wikipedia.org/wiki/Coventry_Sphinx_F.C.
Coventry United,https://en.wikipedia.org/wiki/Coventry_United_F.C.
Cowes Sports,https://en.wikipedia.org/wiki/Cowes_Sports_F.C.
Cradley Town,https://en.wikipedia.org/wiki/Cradley_Town_F.C.
Cranfield United,https://en.wikipedia.org/wiki/Cranfield_United_F.C.
Crawley Down Gatwick,https://en.wikipedia.org/wiki/Crawley_Down_Gatwick_F.C.
Crawley Green,https://en.wikipedia.org/wiki/Crawley_Green_F.C.
Crawley Town,https://en.wikipedia.org/wiki/Crawley_Town_F.C.
Cray Valley Paper Mills,https://en.wikipedia.org/wiki/Cray_Valley_Paper_Mills_F.C.
Cray Wanderers,https://en.wikipedia.org/wiki/Cray_Wanderers_F.C.
Crediton United,https://en.wikipedia.org/wiki/Crediton_United_A.F.C.
Crewe Alexandra,https://en.wikipedia.org/wiki/Crewe_Alexandra_F.C.
Cribbs,https://en.wikipedia.org/wiki/Cribbs_F.C.
Cribbs Reserves,https://en.wikipedia.org/wiki/Cribbs_F.C.
Crook Town,https://en.wikipedia.org/wiki/Crook_Town_F.C.
Crowborough Athletic,https://en.wikipedia.org/wiki/Crowborough_Athletic_F.C.
Croydon,https://en.wikipedia.org/wiki/Croydon_F.C.
Crystal Palace,https://en.wikipedia.org/wiki/Crystal_Palace_F.C.
Cullompton Rangers,https://en.wikipedia.org/wiki/Cullompton_Rangers_A.F.C.
Curzon Ashton,https://en.wikipedia.org/wiki/Curzon_Ashton_F.C.
Dagenham & Redbridge,https://en.wikipedia.org/wiki/Dagenham_%26_Redbridge_F.C.
Daisy Hill,https://en.wikipedia.org/wiki/Daisy_Hill_F.C.
Darlaston Town (1874),https://en.wikipedia.org/wiki/Darlaston_Town_(1874)_F.C.
Darlington,https://en.wikipedia.org/wiki/Darlington_F.C.
Darlington Town,https://en.wikipedia.org/wiki/Darlington_Town_F.C.
Dartford,https://en.wikipedia.org/wiki/Dartford_F.C.
Darwen F.C.,https://en.wikipedia.org/wiki/Darwen_F.C.
Daventry Town,https://en.wikipedia.org/wiki/Daventry_Town_F.C.
Deal Town,https://en.wikipedia.org/wiki/Deal_Town_F.C.
Dearne & District,https://en.wikipedia.org/wiki/Dearne_%26_District_F.C.
Deeping Rangers,https://en.wikipedia.org/wiki/Deeping_Rangers_F.C.
Derby County,https://en.wikipedia.org/wiki/Derby_County_F.C.
Dereham Town,https://en.wikipedia.org/wiki/Dereham_Town_F.C.
Desborough Town,https://en.wikipedia.org/wiki/Desborough_Town_F.C.
Devizes Town,https://en.wikipedia.org/wiki/Devizes_Town_F.C.
Didcot Town,https://en.wikipedia.org/wiki/Didcot_Town_F.C.
Diss Town,https://en.wikipedia.org/wiki/Diss_Town_F.C.
Dobwalls,https://en.wikipedia.org/wiki/Dobwalls_F.C.
Doncaster Rovers,https://en.wikipedia.org/wiki/Doncaster_Rovers_F.C.
Dorchester Town,https://en.wikipedia.org/wiki/Dorchester_Town_F.C.
Dorking Wanderers,https://en.wikipedia.org/wiki/Dorking_Wanderers_F.C.
"Dorking Wanderers ""B""",https://en.wikipedia.org/wiki/Dorking_Wanderers_F.C.
Dover Athletic,https://en.wikipedia.org/wiki/Dover_Athletic_F.C.
Downham Town,https://en.wikipedia.org/wiki/Downham_Town_F.C.
Downton,https://en.wikipedia.org/wiki/Downton_F.C.
Droitwich Spa,https://en.wikipedia.org/wiki/Droitwich_Spa_F.C.
Dronfield Town,https://en.wikipedia.org/wiki/Dronfield_Town_F.C.
Droylsden,https://en.wikipedia.org/wiki/Droylsden_F.C.
Dudley Town,https://en.wikipedia.org/wiki/Dudley_Town_F.C.
Dulwich Hamlet,https://en.wikipedia.org/wiki/Dulwich_Hamlet_F.C.
Dunkirk,https://en.wikipedia.org/wiki/Dunkirk_F.C.
Dunmow Town,https://en.wikipedia.org/wiki/Dunmow_Town_F.C.
Dunstable Town,https://en.wikipedia.org/wiki/Dunstable_Town_F.C.
Dunston UTS,https://en.wikipedia.org/wiki/Dunston_UTS_F.C.
Dussindale & Hellesdon Rovers,https://en.wikipedia.org/wiki/Dussindale_%26_Hellesdon_Rovers_F.C.
Easington Colliery,https://en.wikipedia.org/wiki/Easington_Colliery_A.F.C.
Easington Sports,https://en.wikipedia.org/wiki/Easington_Sports_F.C.
East Cowes Victoria Athletic,https://en.wikipedia.org/wiki/East_Cowes_Victoria_Athletic_A.F.C.
East Grinstead Town,https://en.wikipedia.org/wiki/East_Grinstead_Town_F.C.
East Preston,https://en.wikipedia.org/wiki/East_Preston_F.C.
Eastbourne Borough,https://en.wikipedia.org/wiki/Eastbourne_Borough_F.C.
Eastbourne Town,https://en.wikipedia.org/wiki/Eastbourne_Town_F.C.
Eastbourne United,https://en.wikipedia.org/wiki/Eastbourne_United_A.F.C.
Eastleigh,https://en.wikipedia.org/wiki/Eastleigh_F.C.
Eastwood,https://en.wikipedia.org/wiki/Eastwood_Community_F.C.
Eaton Socon,https://en.wikipedia.org/wiki/Eaton_Socon_F.C.
Ebbsfleet United,https://en.wikipedia.org/wiki/Ebbsfleet_United_F.C.
Eccleshall,https://en.wikipedia.org/wiki/Eccleshall_F.C.
Eccleshill United,https://en.wikipedia.org/wiki/Eccleshill_United_F.C.
Edgware & Kingsbury,https://en.wikipedia.org/wiki/Edgware_%26_Kingsbury_F.C.
Egham Town,https://en.wikipedia.org/wiki/Egham_Town_F.C.
Elburton Villa,https://en.wikipedia.org/wiki/Elburton_Villa_F.C.
Ely City,https://en.wikipedia.org/wiki/Ely_City_F.C.
Emley,https://en.wikipedia.org/wiki/Emley_A.F.C.
Enfield Borough,https://en.wikipedia.org/wiki/Enfield_Borough_F.C.
Enfield,https://en.wikipedia.org/wiki/Enfield_F.C.
Enfield Town,https://en.wikipedia.org/wiki/Enfield_Town_F.C.
Epsom & Ewell,https://en.wikipedia.org/wiki/Epsom_%26_Ewell_F.C.
Erith & Belvedere,https://en.wikipedia.org/wiki/Erith_%26_Belvedere_F.C.
Erith Town,https://en.wikipedia.org/wiki/Erith_Town_F.C.
Esh Winning,https://en.wikipedia.org/wiki/Esh_Winning_F.C.
Euxton Villa,https://en.wikipedia.org/wiki/Euxton_Villa_F.C.
Eversley & California,https://en.wikipedia.org/wiki/Eversley_%26_California_F.C.
Everton,https://en.wikipedia.org/wiki/Everton_F.C.
Evesham United,https://en.wikipedia.org/wiki/Evesham_United_F.C.
Exeter City,https://en.wikipedia.org/wiki/Exeter_City_F.C.
Exmouth Town,https://en.wikipedia.org/wiki/Exmouth_Town_F.C.
Eynesbury Rovers,https://en.wikipedia.org/wiki/Eynesbury_Rovers_F.C.
F.C. Baresi,https://en.wikipedia.org/wiki/FC_Baresi
F.C. Clacton,https://en.wikipedia.org/wiki/F.C._Clacton
F.C. Elmstead,https://en.wikipedia.org/wiki/F.C._Elmstead
F.C. Deportivo Galicia,https://en.wikipedia.org/wiki/FC_Deportivo_Galicia
F.C. Halifax Town,https://en.wikipedia.org/wiki/F.C._Halifax_Town
F.C. Hartlepool,https://en.wikipedia.org/wiki/FC_Hartlepool
F.C. Isle of Man (IM),https://en.wikipedia.org/wiki/F.C._Isle_of_Man
F.C. Parson Drove,https://en.wikipedia.org/wiki/FC_Parson_Drove
F.C. Peterborough,https://en.wikipedia.org/wiki/F.C._Peterborough
F.C. Romania,https://en.wikipedia.org/wiki/F.C._Romania
F.C. St Helens,https://en.wikipedia.org/wiki/F.C._St_Helens
F.C. Stratford,https://en.wikipedia.org/wiki/F.C._Stratford
F.C. United of Manchester,https://en.wikipedia.org/wiki/F.C._United_of_Manchester
Fairford Town,https://en.wikipedia.org/wiki/Fairford_Town_F.C.
Fakenham Town,https://en.wikipedia.org/wiki/Fakenham_Town_F.C.
Falmouth Town,https://en.wikipedia.org/wiki/Falmouth_Town_A.F.C.
Fareham Town,https://en.wikipedia.org/wiki/Fareham_Town_F.C.
Farnborough,https://en.wikipedia.org/wiki/Farnborough_F.C.
Farnham Town,https://en.wikipedia.org/wiki/Farnham_Town_F.C.
Farsley Celtic,https://en.wikipedia.org/wiki/Farsley_Celtic_F.C.
Faversham Strike Force,https://en.wikipedia.org/wiki/Faversham_Strike_Force_F.C.
Faversham Town,https://en.wikipedia.org/wiki/Faversham_Town_F.C.
Fawley,https://en.wikipedia.org/wiki/Fawley_A.F.C.
Felixstowe & Walton United,https://en.wikipedia.org/wiki/Felixstowe_%26_Walton_United_F.C.
Fisher,https://en.wikipedia.org/wiki/Fisher_F.C.
Flackwell Heath,https://en.wikipedia.org/wiki/Flackwell_Heath_F.C.
Fleet Town,https://en.wikipedia.org/wiki/Fleet_Town_F.C.
Fleetlands,https://en.wikipedia.org/wiki/Fleetlands_F.C.
Fleetwood Town,https://en.wikipedia.org/wiki/Fleetwood_Town_F.C.
Foley Meir,https://en.wikipedia.org/wiki/Foley_Meir_F.C.
Folkestone Invicta,https://en.wikipedia.org/wiki/Folkestone_Invicta_F.C.
Folland Sports,https://en.wikipedia.org/wiki/Folland_Sports_F.C.
Forest Green Rovers,https://en.wikipedia.org/wiki/Forest_Green_Rovers_F.C.
Forest Hill Park,https://en.wikipedia.org/wiki/Forest_Hill_Park_F.C.
Forest Row,https://en.wikipedia.org/wiki/Forest_Row_F.C.
Framlingham Town,https://en.wikipedia.org/wiki/Framlingham_Town_F.C.
Frenford,https://en.wikipedia.org/wiki/Frenford_F.C.
Frickley Athletic,https://en.wikipedia.org/wiki/Frickley_Athletic_F.C.
Frimley Green,https://en.wikipedia.org/wiki/Frimley_Green_F.C.
Frome Town,https://en.wikipedia.org/wiki/Frome_Town_F.C.
Fulham,https://en.wikipedia.org/wiki/Fulham_F.C.
Gainsborough Trinity,https://en.wikipedia.org/wiki/Gainsborough_Trinity_F.C.
Garforth Town,https://en.wikipedia.org/wiki/Garforth_Town_A.F.C.
Garstang,https://en.wikipedia.org/wiki/Garstang_F.C.
Gateshead,https://en.wikipedia.org/wiki/Gateshead_F.C.
Gedling Miners Welfare,https://en.wikipedia.org/wiki/Gedling_Miners_Welfare_F.C.
Gillingham,https://en.wikipedia.org/wiki/Gillingham_F.C.
Gillingham Town,https://en.wikipedia.org/wiki/Gillingham_Town_F.C.
Glasshoughton Welfare,https://en.wikipedia.org/wiki/Glasshoughton_Welfare_A.F.C.
Glebe,https://en.wikipedia.org/wiki/Glebe_F.C.
Glossop North End,https://en.wikipedia.org/wiki/Glossop_North_End_A.F.C.
Gloucester City,https://en.wikipedia.org/wiki/Gloucester_City_A.F.C.
GNG Oadby Town,https://en.wikipedia.org/wiki/GNG_Oadby_Town_F.C.
Godalming Town,https://en.wikipedia.org/wiki/Godalming_Town_F.C.
Godmanchester Rovers,https://en.wikipedia.org/wiki/Godmanchester_Rovers_F.C.
Golcar United,https://en.wikipedia.org/wiki/Golcar_United_F.C.
Goole,https://en.wikipedia.org/wiki/Goole_A.F.C.
Gorleston,https://en.wikipedia.org/wiki/Gorleston_F.C.
Gorleston Reserves,https://en.wikipedia.org/wiki/Gorleston_F.C.
Gornal Athletic,https://en.wikipedia.org/wiki/Gornal_Athletic_F.C.
Gosport Borough,https://en.wikipedia.org/wiki/Gosport_Borough_F.C.
Grangetown Boys Club,https://en.wikipedia.org/wiki/Grangetown_Boys_Club_F.C.
Grantham Town,https://en.wikipedia.org/wiki/Grantham_Town_F.C.
Grays Athletic,https://en.wikipedia.org/wiki/Grays_Athletic_F.C.
Great Wakering Rovers,https://en.wikipedia.org/wiki/Great_Wakering_Rovers_F.C.
Great Yarmouth Town,https://en.wikipedia.org/wiki/Great_Yarmouth_Town_F.C.
Greenways,https://en.wikipedia.org/wiki/Greenways_F.C.
Gresley Rovers,https://en.wikipedia.org/wiki/Gresley_Rovers_F.C.
Grimsby Borough,https://en.wikipedia.org/wiki/Grimsby_Borough_F.C.
Grimsby Town,https://en.wikipedia.org/wiki/Grimsby_Town_F.C.
Guernsey (CI),https://en.wikipedia.org/wiki/Guernsey_F.C.
Guildford City,https://en.wikipedia.org/wiki/Guildford_City_F.C.
Guisborough Town,https://en.wikipedia.org/wiki/Guisborough_Town_F.C.
Guiseley,https://en.wikipedia.org/wiki/Guiseley_F.C.
Hackney Wick,https://en.wikipedia.org/wiki/Hackney_Wick_F.C.
Hadleigh United,https://en.wikipedia.org/wiki/Hadleigh_United_F.C.
Hadley,https://en.wikipedia.org/wiki/Hadley_F.C.
Halesowen Town,https://en.wikipedia.org/wiki/Halesowen_Town_F.C.
Hallam,https://en.wikipedia.org/wiki/Hallam_F.C.
Hallen,https://en.wikipedia.org/wiki/Hallen_A.F.C.
Halls Athletic,https://en.wikipedia.org/wiki/Halls_Athletic_F.C.
Halstead Town,https://en.wikipedia.org/wiki/Halstead_Town_F.C.
Hamble Club,https://en.wikipedia.org/wiki/Hamble_Club_F.C.
Hampton & Richmond Borough,https://en.wikipedia.org/wiki/Hampton_%26_Richmond_Borough_F.C.
Hamworthy Recreation,https://en.wikipedia.org/wiki/Hamworthy_Recreation_F.C.
Hamworthy United,https://en.wikipedia.org/wiki/Hamworthy_United_F.C.
Handsworth,https://en.wikipedia.org/wiki/Handsworth_F.C.
Hanley Town,https://en.wikipedia.org/wiki/Hanley_Town_F.C.
Hanwell Town,https://en.wikipedia.org/wiki/Hanwell_Town_F.C.
Hanworth Villa,https://en.wikipedia.org/wiki/Hanworth_Villa_F.C.
Harborough Town,https://en.wikipedia.org/wiki/Harborough_Town_F.C.
Harefield United,https://en.wikipedia.org/wiki/Harefield_United_F.C.
Haringey Borough,https://en.wikipedia.org/wiki/Haringey_Borough_F.C.
Harleston Town,https://en.wikipedia.org/wiki/Harleston_Town_F.C.
Harlow Town,https://en.wikipedia.org/wiki/Harlow_Town_F.C.
Harpenden Town,https://en.wikipedia.org/wiki/Harpenden_Town_F.C.
Harrogate Railway Athletic,https://en.wikipedia.org/wiki/Harrogate_Railway_Athletic_F.C.
Harrogate Town,https://en.wikipedia.org/wiki/Harrogate_Town_F.C.
Harrow Borough,https://en.wikipedia.org/wiki/Harrow_Borough_F.C.
Harrowby United,https://en.wikipedia.org/wiki/Harrowby_United_F.C.
Hartlepool United,https://en.wikipedia.org/wiki/Hartlepool_United_F.C.
Hartley Wintney,https://en.wikipedia.org/wiki/Hartley_Wintney_F.C.
Hartpury University,https://en.wikipedia.org/wiki/Hartpury_University_F.C.
Harwich & Parkeston,https://en.wikipedia.org/wiki/Harwich_%26_Parkeston_F.C.
Hashtag United,https://en.wikipedia.org/wiki/Hashtag_United_F.C.
Hassocks,https://en.wikipedia.org/wiki/Hassocks_F.C.
Hastings United,https://en.wikipedia.org/wiki/Hastings_United_F.C.
Havant & Waterlooville,https://en.wikipedia.org/wiki/Havant_%26_Waterlooville_F.C.
Haverhill Borough,https://en.wikipedia.org/wiki/Haverhill_Borough_F.C.
Haverhill Rovers,https://en.wikipedia.org/wiki/Haverhill_Rovers_F.C.
Hayes & Yeading United,https://en.wikipedia.org/wiki/Hayes_%26_Yeading_United_F.C.
Haywards Heath Town,https://en.wikipedia.org/wiki/Haywards_Heath_Town_F.C.
Heacham,https://en.wikipedia.org/wiki/Heacham_F.C.
Heanor Town,https://en.wikipedia.org/wiki/Heanor_Town_F.C.
Heather St John's,https://en.wikipedia.org/wiki/Heather_St_John%27s_F.C.
Heaton Stannington,https://en.wikipedia.org/wiki/Heaton_Stannington_F.C.
Hebburn Town,https://en.wikipedia.org/wiki/Hebburn_Town_F.C.
Hednesford Town,https://en.wikipedia.org/wiki/Hednesford_Town_F.C.
Helston Athletic,https://en.wikipedia.org/wiki/Helston_Athletic_F.C.
Hemel Hempstead Town,https://en.wikipedia.org/wiki/Hemel_Hempstead_Town_F.C.
Hendon,https://en.wikipedia.org/wiki/Hendon_F.C.
Hengrove Athletic,https://en.wikipedia.org/wiki/Hengrove_Athletic_F.C.
Hereford,https://en.wikipedia.org/wiki/Hereford_F.C.
Hereford Lads Club,https://en.wikipedia.org/wiki/Hereford_Lads_Club_F.C.
Hereford Pegasus,https://en.wikipedia.org/wiki/Hereford_Pegasus_F.C.
Herne Bay,https://en.wikipedia.org/wiki/Herne_Bay_F.C.
Hertford Town,https://en.wikipedia.org/wiki/Hertford_Town_F.C.
Heybridge Swifts,https://en.wikipedia.org/wiki/Heybridge_Swifts_F.C.
Highgate United,https://en.wikipedia.org/wiki/Highgate_United_F.C.
Highworth Town,https://en.wikipedia.org/wiki/Highworth_Town_F.C.
Hillingdon Borough,https://en.wikipedia.org/wiki/Hillingdon_Borough_F.C.
Hilltop,https://en.wikipedia.org/wiki/Hilltop_F.C.
Hinckley AFC,https://en.wikipedia.org/wiki/Hinckley_A.F.C.
Hinckley L.R.F.C.,https://en.wikipedia.org/wiki/Hinckley_L.R.F.C.
Histon,https://en.wikipedia.org/wiki/Histon_F.C.
Hitchin Town,https://en.wikipedia.org/wiki/Hitchin_Town_F.C.
Hoddesdon Town,https://en.wikipedia.org/wiki/Hoddesdon_Town_F.C.
Holbeach United,https://en.wikipedia.org/wiki/Holbeach_United_F.C.
Holker Old Boys,https://en.wikipedia.org/wiki/Holker_Old_Boys_F.C.
Holland,https://en.wikipedia.org/wiki/Holland_F.C.
Hollands & Blair,https://en.wikipedia.org/wiki/Hollands_%26_Blair_F.C.
Holmer Green,https://en.wikipedia.org/wiki/Holmer_Green_F.C.
Holmesdale,https://en.wikipedia.org/wiki/Holmesdale_F.C.
Holsworthy,https://en.wikipedia.org/wiki/Holsworthy_A.F.C.
Holwell Sports,https://en.wikipedia.org/wiki/Holwell_Sports_F.C.
Holyport,https://en.wikipedia.org/wiki/Holyport_F.C.
Honiton Town,https://en.wikipedia.org/wiki/Honiton_Town_F.C.
Horbury Town,https://en.wikipedia.org/wiki/Horbury_Town_F.C.
Horden Community Welfare,https://en.wikipedia.org/wiki/Horden_Community_Welfare_F.C.
Horley Town,https://en.wikipedia.org/wiki/Horley_Town_F.C.
Hornchurch,https://en.wikipedia.org/wiki/Hornchurch_F.C.
Horndean,https://en.wikipedia.org/wiki/Horndean_F.C.
Horsham,https://en.wikipedia.org/wiki/Horsham_F.C.
Horsham YMCA,https://en.wikipedia.org/wiki/Horsham_YMCA_F.C.
Hucknall Town,https://en.wikipedia.org/wiki/Hucknall_Town_F.C.
Huddersfield Town,https://en.wikipedia.org/wiki/Huddersfield_Town_F.C.
Hull City,https://en.wikipedia.org/wiki/Hull_City_A.F.C.
Hullbridge Sports,https://en.wikipedia.org/wiki/Hullbridge_Sports_F.C.
Hungerford Town,https://en.wikipedia.org/wiki/Hungerford_Town_F.C.
Huntingdon Town,https://en.wikipedia.org/wiki/Huntingdon_Town_F.C.
Hutton,https://en.wikipedia.org/wiki/Hutton_F.C.
Hyde United,https://en.wikipedia.org/wiki/Hyde_United_F.C.
Hythe & Dibden,https://en.wikipedia.org/wiki/Hythe_%26_Dibden_F.C.
Hythe Town,https://en.wikipedia.org/wiki/Hythe_Town_F.C.
Ilford,https://en.wikipedia.org/wiki/Ilford_F.C.
Ilfracombe Town,https://en.wikipedia.org/wiki/Ilfracombe_Town_A.F.C.
Ilkeston Town,https://en.wikipedia.org/wiki/Ilkeston_Town_F.C.
Ilkley Town,https://en.wikipedia.org/wiki/Ilkley_Town_A.F.C.
Infinity,https://en.wikipedia.org/wiki/Infinity_F.C.
Ingles,https://en.wikipedia.org/wiki/Ingles_F.C.
Ipswich Town,https://en.wikipedia.org/wiki/Ipswich_Town_F.C.
Ipswich Wanderers,https://en.wikipedia.org/wiki/Ipswich_Wanderers_F.C.
Irchester United,https://en.wikipedia.org/wiki/Irchester_United_F.C.
Irlam,https://en.wikipedia.org/wiki/Irlam_F.C.
Ivybridge Town,https://en.wikipedia.org/wiki/Ivybridge_Town_F.C.
Jarrow,https://en.wikipedia.org/wiki/Jarrow_F.C.
Jersey Bulls (CI),https://en.wikipedia.org/wiki/Jersey_Bulls_F.C.
Kempston Rovers,https://en.wikipedia.org/wiki/Kempston_Rovers_F.C.
Kendal Town,https://en.wikipedia.org/wiki/Kendal_Town_F.C.
Kennington,https://en.wikipedia.org/wiki/Kennington_F.C.
Kettering Town,https://en.wikipedia.org/wiki/Kettering_Town_F.C.
Keynsham Town,https://en.wikipedia.org/wiki/Keynsham_Town_F.C.
Kidderminster Harriers,https://en.wikipedia.org/wiki/Kidderminster_Harriers_F.C.
Kidlington,https://en.wikipedia.org/wiki/Kidlington_F.C.
Kidlington Reserves,https://en.wikipedia.org/wiki/Kidlington_F.C.
Kidsgrove Athletic,https://en.wikipedia.org/wiki/Kidsgrove_Athletic_F.C.
Kimberley Miners Welfare,https://en.wikipedia.org/wiki/Kimberley_Miners_Welfare_F.C.
Kings Langley,https://en.wikipedia.org/wiki/Kings_Langley_F.C.
King's Lynn Town,https://en.wikipedia.org/wiki/King%27s_Lynn_Town_F.C.
Kingstonian,https://en.wikipedia.org/wiki/Kingstonian_F.C.
Kirby Muxloe,https://en.wikipedia.org/wiki/Kirby_Muxloe_S.C.
Kirkley & Pakefield,https://en.wikipedia.org/wiki/Kirkley_%26_Pakefield_F.C.
Knaphill,https://en.wikipedia.org/wiki/Knaphill_F.C.
Knaresborough Town,https://en.wikipedia.org/wiki/Knaresborough_Town_F.C.
Lakenheath,https://en.wikipedia.org/wiki/Lakenheath_F.C.
Lancaster City,https://en.wikipedia.org/wiki/Lancaster_City_F.C.
Lancing,https://en.wikipedia.org/wiki/Lancing_F.C.
Langford,https://en.wikipedia.org/wiki/Langford_F.C.
Langley,https://en.wikipedia.org/wiki/Langley_F.C.
Larkfield & New Hythe Wanderers,https://en.wikipedia.org/wiki/Larkfield_%26_New_Hythe_Wanderers_F.C.
Larkhall Athletic,https://en.wikipedia.org/wiki/Larkhall_Athletic_F.C.
Launceston,https://en.wikipedia.org/wiki/Launceston_F.C.
Laverstock & Ford,https://en.wikipedia.org/wiki/Laverstock_%26_Ford_F.C.
Leamington,https://en.wikipedia.org/wiki/Leamington_F.C.
Leatherhead,https://en.wikipedia.org/wiki/Leatherhead_F.C.
Leeds United,https://en.wikipedia.org/wiki/Leeds_United_F.C.
Leek Town,https://en.wikipedia.org/wiki/Leek_Town_F.C.
Leicester City,https://en.wikipedia.org/wiki/Leicester_City_F.C.
Leicester Nirvana,https://en.wikipedia.org/wiki/Leicester_Nirvana_F.C.
Leicester St. Andrews,https://en.wikipedia.org/wiki/Leicester_St_Andrews_F.C.
Leighton Town Development,https://en.wikipedia.org/wiki/Leighton_Town_F.C.
Leighton Town,https://en.wikipedia.org/wiki/Leighton_Town_F.C.
Leiston Reserves,https://en.wikipedia.org/wiki/Leiston_F.C.
Leiston,https://en.wikipedia.org/wiki/Leiston_F.C.
Letchworth Garden City Eagles,https://en.wikipedia.org/wiki/Letchworth_Garden_City_Eagles_F.C.
Leverstock Green,https://en.wikipedia.org/wiki/Leverstock_Green_F.C.
Lewes,https://en.wikipedia.org/wiki/Lewes_F.C.
Lewisham Borough,https://en.wikipedia.org/wiki/Lewisham_Borough_F.C.
Leyton Orient,https://en.wikipedia.org/wiki/Leyton_Orient_F.C.
Lichfield City,https://en.wikipedia.org/wiki/Lichfield_City_F.C.
Lincoln City,https://en.wikipedia.org/wiki/Lincoln_City_F.C.
Lincoln United,https://en.wikipedia.org/wiki/Lincoln_United_F.C.
Lingfield,https://en.wikipedia.org/wiki/Lingfield_F.C.
Liskeard Athletic,https://en.wikipedia.org/wiki/Liskeard_Athletic_F.C.
Litherland REMYCA,https://en.wikipedia.org/wiki/Litherland_REMYCA_F.C.
Little Common,https://en.wikipedia.org/wiki/Little_Common_F.C.
Little Oakley,https://en.wikipedia.org/wiki/Little_Oakley_F.C.
Littlehampton Town,https://en.wikipedia.org/wiki/Littlehampton_Town_F.C.
Liverpool,https://en.wikipedia.org/wiki/Liverpool_F.C.
Liversedge,https://en.wikipedia.org/wiki/Liversedge_F.C.
London Colney,https://en.wikipedia.org/wiki/London_Colney_F.C.
London Samurai Rovers,https://en.wikipedia.org/wiki/London_Samurai_Rovers_F.C.
Long Buckby,https://en.wikipedia.org/wiki/Long_Buckby_A.F.C.
Long Eaton United,https://en.wikipedia.org/wiki/Long_Eaton_United_F.C.
Long Melford,https://en.wikipedia.org/wiki/Long_Melford_F.C.
Longlevens,https://en.wikipedia.org/wiki/Longlevens_A.F.C.
Longridge Town,https://en.wikipedia.org/wiki/Longridge_Town_F.C.
Longwell Green Sports,https://en.wikipedia.org/wiki/Longwell_Green_Sports_F.C.
Lordswood,https://en.wikipedia.org/wiki/Lordswood_F.C.
Loughborough Students,https://en.wikipedia.org/wiki/Loughborough_Students_F.C.
Louth Town,https://en.wikipedia.org/wiki/Louth_Town_F.C.
Lower Breck,https://en.wikipedia.org/wiki/Lower_Breck_F.C.
Lowestoft Town,https://en.wikipedia.org/wiki/Lowestoft_Town_F.C.
Loxwood,https://en.wikipedia.org/wiki/Loxwood_F.C.
Ludlow,https://en.wikipedia.org/wiki/Ludlow_F.C.
Luton Town,https://en.wikipedia.org/wiki/Luton_Town_F.C.
Lutterworth Athletic,https://en.wikipedia.org/wiki/Lutterworth_Athletic_F.C.
Lutterworth Town,https://en.wikipedia.org/wiki/Lutterworth_Town_A.F.C.
Lydd Town,https://en.wikipedia.org/wiki/Lydd_Town_F.C.
Lydney Town,https://en.wikipedia.org/wiki/Lydney_Town_F.C.
Lye Town,https://en.wikipedia.org/wiki/Lye_Town_F.C.
Lymington Town,https://en.wikipedia.org/wiki/Lymington_Town_F.C.
Maccabi London Lions,https://en.wikipedia.org/wiki/Maccabi_London_Lions_F.C.
Macclesfield,https://en.wikipedia.org/wiki/Macclesfield_F.C.
Maghull,https://en.wikipedia.org/wiki/Maghull_F.C.
Maidenhead United,https://en.wikipedia.org/wiki/Maidenhead_United_F.C.
Maidstone United,https://en.wikipedia.org/wiki/Maidstone_United_F.C.
Maine Road,https://en.wikipedia.org/wiki/Maine_Road_F.C.
Maldon & Tiptree,https://en.wikipedia.org/wiki/Maldon_%26_Tiptree_F.C.
Malmesbury Victoria,https://en.wikipedia.org/wiki/Malmesbury_Victoria_F.C.
Maltby Main,https://en.wikipedia.org/wiki/Maltby_Main_F.C.
Malvern Town,https://en.wikipedia.org/wiki/Malvern_Town_F.C.
Manchester City,https://en.wikipedia.org/wiki/Manchester_City_F.C.
Manchester United,https://en.wikipedia.org/wiki/Manchester_United_F.C.
Mangotsfield United,https://en.wikipedia.org/wiki/Mangotsfield_United_F.C.
Mansfield Town,https://en.wikipedia.org/wiki/Mansfield_Town_F.C.
March Town United,https://en.wikipedia.org/wiki/March_Town_United_F.C.
Margate,https://en.wikipedia.org/wiki/Margate_F.C.
Marine,https://en.wikipedia.org/wiki/Marine_A.F.C.
Market Drayton Town,https://en.wikipedia.org/wiki/Market_Drayton_Town_F.C.
Marlow,https://en.wikipedia.org/wiki/Marlow_F.C.
Marske United,https://en.wikipedia.org/wiki/Marske_United_F.C.
Matlock Town,https://en.wikipedia.org/wiki/Matlock_Town_F.C.
May & Baker,https://en.wikipedia.org/wiki/May_%26_Baker_F.C.
Melksham Town,https://en.wikipedia.org/wiki/Melksham_Town_F.C.
Melton Town,https://en.wikipedia.org/wiki/Melton_Town_F.C.
Mendip Broadwalk,https://en.wikipedia.org/wiki/Mendip_Broadwalk_F.C.
Meridian VP,https://en.wikipedia.org/wiki/Meridian_VP_F.C.
Merstham,https://en.wikipedia.org/wiki/Merstham_F.C.
Merthyr Town (WE),https://en.wikipedia.org/wiki/Merthyr_Town_F.C._(2010)
Metropolitan Police,https://en.wikipedia.org/wiki/Metropolitan_Police_F.C.
Mickleover,https://en.wikipedia.org/wiki/Mickleover_F.C.
Middlesbrough,https://en.wikipedia.org/wiki/Middlesbrough_F.C.
Middlezoy Rovers,https://en.wikipedia.org/wiki/Middlezoy_Rovers_F.C.
Midhurst & Easebourne,https://en.wikipedia.org/wiki/Midhurst_%26_Easebourne_F.C.
Mildenhall Town,https://en.wikipedia.org/wiki/Mildenhall_Town_F.C.
Mile Oak,https://en.wikipedia.org/wiki/Mile_Oak_F.C.
Millbrook (Cornwall),https://en.wikipedia.org/wiki/Millbrook_A.F.C.
Millbrook (Hampshire),https://en.wikipedia.org/wiki/Millbrook_F.C.
Millwall,https://en.wikipedia.org/wiki/Millwall_F.C.
Milton Keynes Dons,https://en.wikipedia.org/wiki/Milton_Keynes_Dons_FC
Milton Keynes Irish,https://en.wikipedia.org/wiki/Milton_Keynes_Irish_F.C.
Milton United,https://en.wikipedia.org/wiki/Milton_United_F.C.
Molesey,https://en.wikipedia.org/wiki/Molesey_F.C.
Moneyfields,https://en.wikipedia.org/wiki/Moneyfields_F.C.
Montpelier Villa,https://en.wikipedia.org/wiki/Montpelier_Villa_F.C.
Morecambe,https://en.wikipedia.org/wiki/Morecambe_F.C.
Morpeth Town,https://en.wikipedia.org/wiki/Morpeth_Town_A.F.C.
Mossley,https://en.wikipedia.org/wiki/Mossley_A.F.C.
Moulton,https://en.wikipedia.org/wiki/Moulton_F.C.
Mousehole,https://en.wikipedia.org/wiki/Mousehole_A.F.C.
Mulbarton Wanderers,https://en.wikipedia.org/wiki/Mulbarton_Wanderers_F.C.
Nailsea & Tickenham,https://en.wikipedia.org/wiki/Nailsea_%26_Tickenham_F.C.
Nantwich Town,https://en.wikipedia.org/wiki/Nantwich_Town_F.C.
Needham Market,https://en.wikipedia.org/wiki/Needham_Market_F.C.
Needham Market Under 23s,https://en.wikipedia.org/wiki/Needham_Market_F.C.
Nelson,https://en.wikipedia.org/wiki/Nelson_F.C.
New Mills,https://en.wikipedia.org/wiki/New_Mills_A.F.C.
New Milton Town,https://en.wikipedia.org/wiki/New_Milton_Town_F.C.
Newark & Sherwood United,https://en.wikipedia.org/wiki/Newark_and_Sherwood_United_F.C.
Newark Town,https://en.wikipedia.org/wiki/Newark_Town_F.C.
Newbury Forest,https://en.wikipedia.org/wiki/Newbury_Forest_F.C.
Newcastle Benfield,https://en.wikipedia.org/wiki/Newcastle_Benfield_F.C.
Newcastle Blue Star,https://en.wikipedia.org/wiki/Newcastle_Blue_Star_F.C.
Newcastle Town,https://en.wikipedia.org/wiki/Newcastle_Town_F.C.
Newcastle United,https://en.wikipedia.org/wiki/Newcastle_United_F.C.
Newcastle University,https://en.wikipedia.org/wiki/Newcastle_University_F.C.
Newent Town,https://en.wikipedia.org/wiki/Newent_Town_F.C.
Newhaven,https://en.wikipedia.org/wiki/Newhaven_F.C.
Newmarket Town,https://en.wikipedia.org/wiki/Newmarket_Town_F.C.
Newport (IOW),https://en.wikipedia.org/wiki/Newport_(IOW)_F.C.
Newport County (WE),https://en.wikipedia.org/wiki/Newport_County_A.F.C.
Newport Pagnell Town,https://en.wikipedia.org/wiki/Newport_Pagnell_Town_F.C.
Newquay,https://en.wikipedia.org/wiki/Newquay_F.C.
Newton Abbot Spurs,https://en.wikipedia.org/wiki/Newton_Abbot_Spurs_A.F.C.
Newton Aycliffe,https://en.wikipedia.org/wiki/Newton_Aycliffe_F.C.
North Ferriby,https://en.wikipedia.org/wiki/North_Ferriby_F.C.
North Greenford United,https://en.wikipedia.org/wiki/North_Greenford_United_F.C.
North Leigh,https://en.wikipedia.org/wiki/North_Leigh_F.C.
North Shields,https://en.wikipedia.org/wiki/North_Shields_F.C.
Northallerton Town,https://en.wikipedia.org/wiki/Northallerton_Town_F.C.
Northampton ON Chenecks,https://en.wikipedia.org/wiki/Northampton_ON_Chenecks_F.C.
Northampton Sileby Rangers,https://en.wikipedia.org/wiki/Northampton_Sileby_Rangers_F.C.
Northampton Town,https://en.wikipedia.org/wiki/Northampton_Town_F.C.
Northwich Victoria,https://en.wikipedia.org/wiki/Northwich_Victoria_F.C.
Northwood,https://en.wikipedia.org/wiki/Northwood_F.C.
Norwich City,https://en.wikipedia.org/wiki/Norwich_City_F.C.
Nostell Miners Welfare,https://en.wikipedia.org/wiki/Nostell_Miners_Welfare_F.C.
Nottingham Forest,https://en.wikipedia.org/wiki/Nottingham_Forest_F.C.
Notts County,https://en.wikipedia.org/wiki/Notts_County_F.C.
Nuneaton Borough,https://en.wikipedia.org/wiki/Nuneaton_Borough_F.C.
Nuneaton Griff,https://en.wikipedia.org/wiki/Nuneaton_Griff_F.C.
NW London,https://en.wikipedia.org/wiki/NW_London_F.C.
Oakwood,https://en.wikipedia.org/wiki/Oakwood_F.C.
Odd Down,https://en.wikipedia.org/wiki/Odd_Down_F.C.
OJM Black Country Rangers,https://en.wikipedia.org/wiki/Black_Country_Rangers_F.C.
Okehampton Argyle,https://en.wikipedia.org/wiki/Okehampton_Argyle_F.C.
Oldham Athletic,https://en.wikipedia.org/wiki/Oldham_Athletic_A.F.C.
Oldland Abbotonians,https://en.wikipedia.org/wiki/Oldland_Abbotonians_F.C.
Ossett United,https://en.wikipedia.org/wiki/Ossett_United_F.C.
Oxford City,https://en.wikipedia.org/wiki/Oxford_City_F.C.
Oxford United,https://en.wikipedia.org/wiki/Oxford_United_F.C.
Oxhey Jets,https://en.wikipedia.org/wiki/Oxhey_Jets_F.C.
Padiham,https://en.wikipedia.org/wiki/Padiham_F.C.
Paget Rangers,https://en.wikipedia.org/wiki/Paget_Rangers_F.C.
Pagham,https://en.wikipedia.org/wiki/Pagham_F.C.
Parkgate,https://en.wikipedia.org/wiki/Parkgate_F.C.
Paulton Rovers,https://en.wikipedia.org/wiki/Paulton_Rovers_F.C.
Peacehaven & Telscombe,https://en.wikipedia.org/wiki/Peacehaven_%26_Telscombe_F.C.
Penistone Church,https://en.wikipedia.org/wiki/Penistone_Church_F.C.
Penn & Tylers Green,https://en.wikipedia.org/wiki/Penn_%26_Tylers_Green_F.C.
Penrith,https://en.wikipedia.org/wiki/Penrith_F.C.
Penzance,https://en.wikipedia.org/wiki/Penzance_A.F.C.
Pershore Town,https://en.wikipedia.org/wiki/Pershore_Town_F.C.
Peterborough Sports,https://en.wikipedia.org/wiki/Peterborough_Sports_F.C.
Peterborough United,https://en.wikipedia.org/wiki/Peterborough_United_F.C.
Petersfield Town,https://en.wikipedia.org/wiki/Petersfield_Town_F.C.
PFC Victoria London,https://en.wikipedia.org/wiki/PFC_Victoria_London
Phoenix Sports,https://en.wikipedia.org/wiki/Phoenix_Sports_F.C.
Pickering Town,https://en.wikipedia.org/wiki/Pickering_Town_F.C.
Pilkington,https://en.wikipedia.org/wiki/Pilkington_F.C.
Pinchbeck United,https://en.wikipedia.org/wiki/Pinchbeck_United_F.C.
Pinxton,https://en.wikipedia.org/wiki/Pinxton_F.C.
Plymouth Argyle,https://en.wikipedia.org/wiki/Plymouth_Argyle_F.C.
Plymouth Parkway,https://en.wikipedia.org/wiki/Plymouth_Parkway_F.C.
Pontefract Collieries,https://en.wikipedia.org/wiki/Pontefract_Collieries_F.C.
Poole Town,https://en.wikipedia.org/wiki/Poole_Town_F.C.
Port Vale,https://en.wikipedia.org/wiki/Port_Vale_F.C.
Portishead Town,https://en.wikipedia.org/wiki/Portishead_Town_F.C.
Portland United,https://en.wikipedia.org/wiki/Portland_United_F.C.
Portsmouth,https://en.wikipedia.org/wiki/Portsmouth_F.C.
Potters Bar Town,https://en.wikipedia.org/wiki/Potters_Bar_Town_F.C.
Potton United,https://en.wikipedia.org/wiki/Potton_United_F.C.
Prescot Cables,https://en.wikipedia.org/wiki/Prescot_Cables_F.C.
Preston North End,https://en.wikipedia.org/wiki/Preston_North_End_F.C.
Prestwich Heys,https://en.wikipedia.org/wiki/Prestwich_Heys_A.F.C.
Prudhoe Youth Club,https://en.wikipedia.org/wiki/Prudhoe_Youth_Club_F.C.
Punjab United,https://en.wikipedia.org/wiki/Punjab_United_F.C.
Queens Park Rangers,https://en.wikipedia.org/wiki/Queens_Park_Rangers_F.C.
Quorn,https://en.wikipedia.org/wiki/Quorn_F.C.
Racing Club Warwick,https://en.wikipedia.org/wiki/Racing_Club_Warwick_F.C.
Radcliffe,https://en.wikipedia.org/wiki/Radcliffe_F.C.
Radford,https://en.wikipedia.org/wiki/Radford_F.C.
Radstock Town,https://en.wikipedia.org/wiki/Radstock_Town_F.C.
Rainworth Miners Welfare,https://en.wikipedia.org/wiki/Rainworth_Miners_Welfare_F.C.
Ramsbottom United,https://en.wikipedia.org/wiki/Ramsbottom_United_F.C.
Ramsgate,https://en.wikipedia.org/wiki/Ramsgate_F.C.
Raunds Town,https://en.wikipedia.org/wiki/Raunds_Town_F.C.
Rayleigh Town,https://en.wikipedia.org/wiki/Rayleigh_Town_F.C.
Rayners Lane,https://en.wikipedia.org/wiki/Rayners_Lane_F.C.
Raynes Park Vale,https://en.wikipedia.org/wiki/Raynes_Park_Vale_F.C.
Reading City,https://en.wikipedia.org/wiki/Reading_City_F.C.
Reading,https://en.wikipedia.org/wiki/Reading_F.C.
Real Bedford,https://en.wikipedia.org/wiki/Real_Bedford_F.C.
Redbridge,https://en.wikipedia.org/wiki/Redbridge_F.C.
Redcar Athletic,https://en.wikipedia.org/wiki/Redcar_Athletic_F.C.
Redcar Town,https://en.wikipedia.org/wiki/Redcar_Town_F.C.
Redditch Borough,https://en.wikipedia.org/wiki/Redditch_Borough_F.C.
Redditch United,https://en.wikipedia.org/wiki/Redditch_United_F.C.
Redhill,https://en.wikipedia.org/wiki/Redhill_F.C.
Reigate Priory,https://en.wikipedia.org/wiki/Reigate_Priory_F.C.
Retford,https://en.wikipedia.org/wiki/Retford_F.C.
Retford United,https://en.wikipedia.org/wiki/Retford_United_F.C.
Ringwood Town,https://en.wikipedia.org/wiki/Ringwood_Town_F.C.
Risborough Rangers,https://en.wikipedia.org/wiki/Risborough_Rangers_F.C.
Rising Ballers Kensington,https://en.wikipedia.org/wiki/Rising_Ballers_Kensington_F.C.
Rochdale,https://en.wikipedia.org/wiki/Rochdale_A.F.C.
Rochester United,https://en.wikipedia.org/wiki/Rochester_United_F.C.
Roffey,https://en.wikipedia.org/wiki/Roffey_F.C.
Roman Glass St George,https://en.wikipedia.org/wiki/Roman_Glass_St_George_F.C.
Romford,https://en.wikipedia.org/wiki/Romford_F.C.
Romsey Town,https://en.wikipedia.org/wiki/Romsey_Town_F.C.
Romulus,https://en.wikipedia.org/wiki/Romulus_F.C.
Rossington Main,https://en.wikipedia.org/wiki/Rossington_Main_F.C.
Rotherham United,https://en.wikipedia.org/wiki/Rotherham_United_F.C.
Rothwell Corinthians,https://en.wikipedia.org/wiki/Rothwell_Corinthians_F.C.
Route One Rovers,https://en.wikipedia.org/wiki/Route_One_Rovers_F.C.
Royal Wootton Bassett Town,https://en.wikipedia.org/wiki/Royal_Wootton_Bassett_Town_F.C.
Royston Town,https://en.wikipedia.org/wiki/Royston_Town_F.C.
Royston Town U23,https://en.wikipedia.org/wiki/Royston_Town_F.C.
Rugby Borough,https://en.wikipedia.org/wiki/Rugby_Borough_F.C.
Rugby Town,https://en.wikipedia.org/wiki/Rugby_Town_F.C.
Runcorn Linnets,https://en.wikipedia.org/wiki/Runcorn_Linnets_F.C.
Runcorn Town,https://en.wikipedia.org/wiki/Runcorn_Town_F.C.
Rushall Olympic,https://en.wikipedia.org/wiki/Rushall_Olympic_F.C.
Rushden & Higham United,https://en.wikipedia.org/wiki/Rushden_%26_Higham_United_F.C.
Rusthall,https://en.wikipedia.org/wiki/Rusthall_F.C.
Ryton & Crawcrook Albion,https://en.wikipedia.org/wiki/Ryton_%26_Crawcrook_Albion_F.C.
Saffron Dynamo,https://en.wikipedia.org/wiki/Saffron_Dynamo_F.C.
Saffron Walden Town,https://en.wikipedia.org/wiki/Saffron_Walden_Town_F.C.
Salford City,https://en.wikipedia.org/wiki/Salford_City_F.C.
Salisbury,https://en.wikipedia.org/wiki/Salisbury_F.C.
Saltash United,https://en.wikipedia.org/wiki/Saltash_United_F.C.
Saltdean United,https://en.wikipedia.org/wiki/Saltdean_United_F.C.
Sandbach United,https://en.wikipedia.org/wiki/Sandbach_United_F.C.
Sandhurst Town,https://en.wikipedia.org/wiki/Sandhurst_Town_F.C.
Sandiacre Town,https://en.wikipedia.org/wiki/Sandiacre_Town_F.C.
Sawbridgeworth Town,https://en.wikipedia.org/wiki/Sawbridgeworth_Town_F.C.
Scarborough Athletic,https://en.wikipedia.org/wiki/Scarborough_Athletic_F.C.
Scunthorpe United,https://en.wikipedia.org/wiki/Scunthorpe_United_F.C.
Seaford Town,https://en.wikipedia.org/wiki/Seaford_Town_F.C.
Seaham Red Star,https://en.wikipedia.org/wiki/Seaham_Red_Star_F.C.
Selby Town,https://en.wikipedia.org/wiki/Selby_Town_F.C.
Selsey,https://en.wikipedia.org/wiki/Selsey_F.C.
Selston,https://en.wikipedia.org/wiki/Selston_F.C.
Sevenoaks Town,https://en.wikipedia.org/wiki/Sevenoaks_Town_F.C.
Shaftesbury,https://en.wikipedia.org/wiki/Shaftesbury_F.C.
Shawbury United,https://en.wikipedia.org/wiki/Shawbury_United_F.C.
Sheerwater,https://en.wikipedia.org/wiki/Sheerwater_F.C.
Sheffield,https://en.wikipedia.org/wiki/Sheffield_F.C.
Sheffield United,https://en.wikipedia.org/wiki/Sheffield_United_F.C.
Sheffield Wednesday,https://en.wikipedia.org/wiki/Sheffield_Wednesday_F.C.
Shefford Town & Campton,https://en.wikipedia.org/wiki/Shefford_Town_%26_Campton_F.C.
Shelley,https://en.wikipedia.org/wiki/Shelley_C.F.C.
Sheppey Sports,https://en.wikipedia.org/wiki/Sheppey_Sports_F.C.
Sheppey United,https://en.wikipedia.org/wiki/Sheppey_United_F.C.
Shepshed Dynamo,https://en.wikipedia.org/wiki/Shepshed_Dynamo_F.C.
Shepton Mallet,https://en.wikipedia.org/wiki/Shepton_Mallet_F.C.
Sherborne Town,https://en.wikipedia.org/wiki/Sherborne_Town_F.C.
Sheringham,https://en.wikipedia.org/wiki/Sheringham_F.C.
Sherwood Colliery,https://en.wikipedia.org/wiki/Sherwood_Colliery_F.C.
Shifnal Town,https://en.wikipedia.org/wiki/Shifnal_Town_F.C.
Shildon,https://en.wikipedia.org/wiki/Shildon_A.F.C.
Shirebrook Town,https://en.wikipedia.org/wiki/Shirebrook_Town_F.C.
Shirehampton,https://en.wikipedia.org/wiki/Shirehampton_F.C.
Sholing,https://en.wikipedia.org/wiki/Sholing_F.C.
Shoreham,https://en.wikipedia.org/wiki/Shoreham_F.C.
Shortwood United,https://en.wikipedia.org/wiki/Shortwood_United_F.C.
Shrewsbury Town,https://en.wikipedia.org/wiki/Shrewsbury_Town_F.C.
Sidmouth Town,https://en.wikipedia.org/wiki/Sidmouth_Town_A.F.C.
Silsden,https://en.wikipedia.org/wiki/Silsden_F.C.
Sittingbourne,https://en.wikipedia.org/wiki/Sittingbourne_F.C.
Skegness Town,https://en.wikipedia.org/wiki/Skegness_Town_A.F.C.
Skelmersdale United,https://en.wikipedia.org/wiki/Skelmersdale_United_F.C.
Sleaford Town,https://en.wikipedia.org/wiki/Sleaford_Town_F.C.
Slimbridge,https://en.wikipedia.org/wiki/Slimbridge_A.F.C.
Slough Town,https://en.wikipedia.org/wiki/Slough_Town_F.C.
Smethwick Rangers,https://en.wikipedia.org/wiki/Smethwick_Khalsa_Football_Federation_F.C.
Snodland Town,https://en.wikipedia.org/wiki/Snodland_Town_F.C.
Soham Town Rangers,https://en.wikipedia.org/wiki/Soham_Town_Rangers_F.C.
Solihull Moors,https://en.wikipedia.org/wiki/Solihull_Moors_F.C.
Soul Tower Hamlets,https://en.wikipedia.org/wiki/Soul_Tower_Hamlets_F.C.
South Leeds,https://en.wikipedia.org/wiki/South_Leeds_F.C.
South Liverpool,https://en.wikipedia.org/wiki/South_Liverpool_F.C.
South Park,https://en.wikipedia.org/wiki/South_Park_F.C.
South Shields,https://en.wikipedia.org/wiki/South_Shields_F.C.
Southall,https://en.wikipedia.org/wiki/Southall_F.C.
Southam United,https://en.wikipedia.org/wiki/Southam_United_F.C.
Southampton,https://en.wikipedia.org/wiki/Southampton_F.C.
Southend Manor,https://en.wikipedia.org/wiki/Southend_Manor_F.C.
Southend United,https://en.wikipedia.org/wiki/Southend_United_F.C.
Southport,https://en.wikipedia.org/wiki/Southport_F.C.
Southwell City,https://en.wikipedia.org/wiki/Southwell_City_F.C.
Spalding United,https://en.wikipedia.org/wiki/Spalding_United_F.C.
Spartans Youth,https://en.wikipedia.org/wiki/Spartans_Youth_F.C.
Spelthorne Sports,https://en.wikipedia.org/wiki/Spelthorne_Sports_F.C.
Spennymoor Town,https://en.wikipedia.org/wiki/Spennymoor_Town_F.C.
Sporting Bengal United,https://en.wikipedia.org/wiki/Sporting_Bengal_United_F.C.
Sporting Club Inkberrow,https://en.wikipedia.org/wiki/Sporting_Club_Inkberrow_F.C.
Sporting Club Thamesmead,https://en.wikipedia.org/wiki/Sporting_Club_Thamesmead_F.C.
Sporting Khalsa,https://en.wikipedia.org/wiki/Sporting_Khalsa_F.C.
Squires Gate,https://en.wikipedia.org/wiki/Squires_Gate_F.C.
St Albans City,https://en.wikipedia.org/wiki/St_Albans_City_F.C.
St. Blazey,https://en.wikipedia.org/wiki/St_Blazey_A.F.C.
St Day,https://en.wikipedia.org/wiki/St_Day_A.F.C.
St Ives Town,https://en.wikipedia.org/wiki/St_Ives_Town_F.C.
St Neots Town,https://en.wikipedia.org/wiki/St_Neots_Town_F.C.
St Margaretsbury,https://en.wikipedia.org/wiki/St._Margaretsbury_F.C.
Stafford Rangers,https://en.wikipedia.org/wiki/Stafford_Rangers_F.C.
Stafford Town,https://en.wikipedia.org/wiki/Stafford_Town_F.C.
Staines & Lammas (Middlesex),https://en.wikipedia.org/wiki/Staines_%26_Lammas_(Middlesex)_F.C.
Stalybridge Celtic,https://en.wikipedia.org/wiki/Stalybridge_Celtic_F.C.
Stamford,https://en.wikipedia.org/wiki/Stamford_A.F.C.
Stansfeld O&BC,https://en.wikipedia.org/wiki/Stansfeld_F.C.
Stansted,https://en.wikipedia.org/wiki/Stansted_F.C.
Stanway Pegasus,https://en.wikipedia.org/wiki/Stanway_Pegasus_F.C.
Stanway Rovers,https://en.wikipedia.org/wiki/Stanway_Rovers_F.C.
Stapenhill,https://en.wikipedia.org/wiki/Stapenhill_F.C.
Stapleford Town,https://en.wikipedia.org/wiki/Stapleford_Town_F.C.
Staplehurst Monarchs,https://en.wikipedia.org/wiki/Staplehurst_Monarchs_F.C.
Staveley Miners Welfare,https://en.wikipedia.org/wiki/Staveley_Miners_Welfare_F.C.
Steeton,https://en.wikipedia.org/wiki/Steeton_A.F.C.
Stevenage,https://en.wikipedia.org/wiki/Stevenage_F.C.
Steyning Town,https://en.wikipedia.org/wiki/Steyning_Town_F.C.
Sticker,https://en.wikipedia.org/wiki/Sticker_F.C.
Stockport County,https://en.wikipedia.org/wiki/Stockport_County_F.C.
Stockport Georgians,https://en.wikipedia.org/wiki/Stockport_Georgians_A.F.C.
Stockport Town,https://en.wikipedia.org/wiki/Stockport_Town_F.C.
Stocksbridge Park Steels,https://en.wikipedia.org/wiki/Stocksbridge_Park_Steels_F.C.
Stockton Town,https://en.wikipedia.org/wiki/Stockton_Town_F.C.
Stoke City,https://en.wikipedia.org/wiki/Stoke_City_F.C.
Stoke Gabriel & Torbay Police,https://en.wikipedia.org/wiki/Stoke_Gabriel_%26_Torbay_Police_F.C.
Stone Old Alleynians,https://en.wikipedia.org/wiki/Stone_Old_Alleynians_F.C.
Stonehouse Town,https://en.wikipedia.org/wiki/Stonehouse_Town_F.C.
Storrington,https://en.wikipedia.org/wiki/Storrington_F.C.
Stotfold,https://en.wikipedia.org/wiki/Stotfold_F.C.
Stotfold Reserves,https://en.wikipedia.org/wiki/Stotfold_F.C.
Stourbridge,https://en.wikipedia.org/wiki/Stourbridge_F.C.
Stourport Swifts,https://en.wikipedia.org/wiki/Stourport_Swifts_F.C.
Stowmarket Town,https://en.wikipedia.org/wiki/Stowmarket_Town_F.C.
Stratford Town,https://en.wikipedia.org/wiki/Stratford_Town_F.C.
Street,https://en.wikipedia.org/wiki/Street_F.C.
Studley,https://en.wikipedia.org/wiki/Studley_F.C.
Sturminster Newton United,https://en.wikipedia.org/wiki/Sturminster_Newton_United_F.C.
Sunderland,https://en.wikipedia.org/wiki/Sunderland_A.F.C.
Sunderland Ryhope CA,https://en.wikipedia.org/wiki/Sunderland_Ryhope_Community_Association_F.C.
Sunderland West End,https://en.wikipedia.org/wiki/Sunderland_West_End_F.C.
Sutton Athletic,https://en.wikipedia.org/wiki/Sutton_Athletic_F.C.
Sutton Coldfield Town,https://en.wikipedia.org/wiki/Sutton_Coldfield_Town_F.C.
Sutton Common Rovers,https://en.wikipedia.org/wiki/Sutton_Common_Rovers_F.C.
Sutton United (Birmingham),https://en.wikipedia.org/wiki/Sutton_United_F.C._(Birmingham)
Sutton United,https://en.wikipedia.org/wiki/Sutton_United_F.C.
Swaffham Town,https://en.wikipedia.org/wiki/Swaffham_Town_F.C.
Swallownest,https://en.wikipedia.org/wiki/Swallownest_F.C.
Swansea City (WE),https://en.wikipedia.org/wiki/Swansea_City_A.F.C.
Swindon Supermarine,https://en.wikipedia.org/wiki/Swindon_Supermarine_F.C.
Swindon Town,https://en.wikipedia.org/wiki/Swindon_Town_F.C.
Tadcaster Albion,https://en.wikipedia.org/wiki/Tadcaster_Albion_A.F.C.
Tadley Calleva,https://en.wikipedia.org/wiki/Tadley_Calleva_F.C.
Takeley,https://en.wikipedia.org/wiki/Takeley_F.C.
Tamworth,https://en.wikipedia.org/wiki/Tamworth_F.C.
Taunton Town,https://en.wikipedia.org/wiki/Taunton_Town_F.C.
Tavistock,https://en.wikipedia.org/wiki/Tavistock_A.F.C.
Teignmouth,https://en.wikipedia.org/wiki/Teignmouth_A.F.C.
Thackley,https://en.wikipedia.org/wiki/Thackley_F.C.
Thame United,https://en.wikipedia.org/wiki/Thame_United_F.C.
Thatcham Town,https://en.wikipedia.org/wiki/Thatcham_Town_F.C.
Thetford Town,https://en.wikipedia.org/wiki/Thetford_Town_F.C.
Thornaby,https://en.wikipedia.org/wiki/Thornaby_F.C.
Thornbury Town,https://en.wikipedia.org/wiki/Thornbury_Town_F.C.
Thornton Cleveleys,https://en.wikipedia.org/wiki/Thornton_Cleveleys_F.C.
Three Bridges,https://en.wikipedia.org/wiki/Three_Bridges_F.C.
Tilbury,https://en.wikipedia.org/wiki/Tilbury_F.C.
Tiverton Town,https://en.wikipedia.org/wiki/Tiverton_Town_F.C.
Tividale,https://en.wikipedia.org/wiki/Tividale_F.C.
Tonbridge Angels,https://en.wikipedia.org/wiki/Tonbridge_Angels_F.C.
Tooting & Mitcham United,https://en.wikipedia.org/wiki/Tooting_%26_Mitcham_United_F.C.
Tooting Bec,https://en.wikipedia.org/wiki/Tooting_Bec_F.C.
Torpoint Athletic,https://en.wikipedia.org/wiki/Torpoint_Athletic_F.C.
Torquay United,https://en.wikipedia.org/wiki/Torquay_United_F.C.
Torridgeside,https://en.wikipedia.org/wiki/Torridgeside_A.F.C.
Torrington,https://en.wikipedia.org/wiki/Torrington_F.C.
Tottenham Hotspur,https://en.wikipedia.org/wiki/Tottenham_Hotspur_F.C.
Totton & Eling,https://en.wikipedia.org/wiki/Totton_%26_Eling_F.C.
Tow Law Town,https://en.wikipedia.org/wiki/Tow_Law_Town_F.C.
Trafford,https://en.wikipedia.org/wiki/Trafford_F.C.
Tranmere Rovers,https://en.wikipedia.org/wiki/Tranmere_Rovers_F.C.
Tring Athletic,https://en.wikipedia.org/wiki/Tring_Athletic_F.C.
Truro City,https://en.wikipedia.org/wiki/Truro_City_F.C.
Truro City Reserves,https://en.wikipedia.org/wiki/Truro_City_F.C.
Tuffley Rovers,https://en.wikipedia.org/wiki/Tuffley_Rovers_F.C.
Tunbridge Wells,https://en.wikipedia.org/wiki/Tunbridge_Wells_F.C.
Tytherington Rocks,https://en.wikipedia.org/wiki/Tytherington_Rocks_F.C.
United Services Portsmouth,https://en.wikipedia.org/wiki/United_Services_Portsmouth_F.C.
Uttoxeter Town,https://en.wikipedia.org/wiki/Uttoxeter_Town_F.C.
Uxbridge,https://en.wikipedia.org/wiki/Uxbridge_F.C.
Vauxhall Motors,https://en.wikipedia.org/wiki/Vauxhall_Motors_F.C.
VCD Athletic,https://en.wikipedia.org/wiki/VCD_Athletic_F.C.
Verwood Town,https://en.wikipedia.org/wiki/Verwood_Town_F.C.
Virginia Water,https://en.wikipedia.org/wiki/Virginia_Water_F.C.
Wadebridge Town,https://en.wikipedia.org/wiki/Wadebridge_Town_F.C.
Wakefield,https://en.wikipedia.org/wiki/Wakefield_A.F.C.
Wallingford & Crowmarsh,https://en.wikipedia.org/wiki/Wallingford_%26_Crowmarsh_F.C.
Walsall,https://en.wikipedia.org/wiki/Walsall_F.C.
Walsall Wood,https://en.wikipedia.org/wiki/Walsall_Wood_F.C.
Walsham-le-Willows,https://en.wikipedia.org/wiki/Walsham-le-Willows_F.C.
Waltham Abbey,https://en.wikipedia.org/wiki/Waltham_Abbey_F.C.
Walthamstow,https://en.wikipedia.org/wiki/Walthamstow_F.C.
Walton & Hersham,https://en.wikipedia.org/wiki/Walton_%26_Hersham_F.C.
Wantage Town,https://en.wikipedia.org/wiki/Wantage_Town_F.C.
Ware,https://en.wikipedia.org/wiki/Ware_F.C.
Warminster Town,https://en.wikipedia.org/wiki/Warminster_Town_F.C.
Warrington Rylands 1906,https://en.wikipedia.org/wiki/Warrington_Rylands_1906_F.C.
Warrington Town,https://en.wikipedia.org/wiki/Warrington_Town_F.C.
Washington,https://en.wikipedia.org/wiki/Washington_F.C.
Watford,https://en.wikipedia.org/wiki/Watford_F.C.
Wealdstone,https://en.wikipedia.org/wiki/Wealdstone_F.C.
Wednesfield,https://en.wikipedia.org/wiki/Wednesfield_F.C.
Welling Town,https://en.wikipedia.org/wiki/Welling_Town_F.C.
Welling United,https://en.wikipedia.org/wiki/Welling_United_F.C.
Wellingborough Town,https://en.wikipedia.org/wiki/Wellingborough_Town_F.C.
Wellingborough Whitworth,https://en.wikipedia.org/wiki/Wellingborough_Whitworth_F.C.
Wellington (Somerset),https://en.wikipedia.org/wiki/Wellington_A.F.C.
Wellington (Herefordshire),https://en.wikipedia.org/wiki/Wellington_F.C._(Herefords)
Wells City,https://en.wikipedia.org/wiki/Wells_City_F.C.
Welton Rovers,https://en.wikipedia.org/wiki/Welton_Rovers_F.C.
Welwyn Garden City,https://en.wikipedia.org/wiki/Welwyn_Garden_City_F.C.
Wembley,https://en.wikipedia.org/wiki/Wembley_F.C.
Wendron United,https://en.wikipedia.org/wiki/Wendron_United_F.C.
West Allotment Celtic,https://en.wikipedia.org/wiki/West_Allotment_Celtic_F.C.
West Auckland Town,https://en.wikipedia.org/wiki/West_Auckland_Town_F.C.
West Bridgford,https://en.wikipedia.org/wiki/West_Bridgford_F.C.
West Bromwich Albion,https://en.wikipedia.org/wiki/West_Bromwich_Albion_F.C.
West Didsbury & Chorlton,https://en.wikipedia.org/wiki/West_Didsbury_%26_Chorlton_A.F.C.
West Essex,https://en.wikipedia.org/wiki/West_Essex_F.C.
West Ham United,https://en.wikipedia.org/wiki/West_Ham_United_F.C.
Westbury United,https://en.wikipedia.org/wiki/Westbury_United_F.C.
Westfield (Surrey),https://en.wikipedia.org/wiki/Westfield_F.C._(Surrey)
Westfields,https://en.wikipedia.org/wiki/Westfields_F.C.
Weston-super-Mare,https://en.wikipedia.org/wiki/Weston-super-Mare_A.F.C.
Westside,https://en.wikipedia.org/wiki/Westside_F.C._(England)
Weymouth,https://en.wikipedia.org/wiki/Weymouth_F.C.
Whickham,https://en.wikipedia.org/wiki/Whickham_F.C.
Whitby Town,https://en.wikipedia.org/wiki/Whitby_Town_F.C.
Whitchurch Alport,https://en.wikipedia.org/wiki/Whitchurch_Alport_F.C.
Whitchurch United,https://en.wikipedia.org/wiki/Whitchurch_United_F.C.
White Ensign,https://en.wikipedia.org/wiki/White_Ensign_F.C.
Whitehawk,https://en.wikipedia.org/wiki/Whitehawk_F.C.
Whitley Bay,https://en.wikipedia.org/wiki/Whitley_Bay_F.C.
Whitstable Town,https://en.wikipedia.org/wiki/Whitstable_Town_F.C.
Whittlesey Athletic,https://en.wikipedia.org/wiki/Whittlesey_Athletic_F.C.
Whitton United,https://en.wikipedia.org/wiki/Whitton_United_F.C.
Wick,https://en.wikipedia.org/wiki/Wick_F.C.
Widnes,https://en.wikipedia.org/wiki/Widnes_F.C.
Wigan Athletic,https://en.wikipedia.org/wiki/Wigan_Athletic_F.C.
Willand Rovers,https://en.wikipedia.org/wiki/Willand_Rovers_F.C.
Wimborne Town,https://en.wikipedia.org/wiki/Wimborne_Town_F.C.
Wincanton Town,https://en.wikipedia.org/wiki/Wincanton_Town_F.C.
Winchester City,https://en.wikipedia.org/wiki/Winchester_City_F.C.
Windsor & Eton,https://en.wikipedia.org/wiki/Windsor_%26_Eton_F.C._(2023)
Windsor,https://en.wikipedia.org/wiki/Windsor_F.C._(2011)
Wingate & Finchley,https://en.wikipedia.org/wiki/Wingate_%26_Finchley_F.C.
Winsford United,https://en.wikipedia.org/wiki/Winsford_United_F.C.
Wilslow United,https://en.wikipedia.org/wiki/Winslow_United_F.C.
Winterton Rangers,https://en.wikipedia.org/wiki/Winterton_Rangers_F.C.
Wisbech Town,https://en.wikipedia.org/wiki/Wisbech_Town_F.C.
Witham Town,https://en.wikipedia.org/wiki/Witham_Town_F.C.
Witton Albion,https://en.wikipedia.org/wiki/Witton_Albion_F.C.
Wivenhoe Town,https://en.wikipedia.org/wiki/Wivenhoe_Town_F.C.
Woking,https://en.wikipedia.org/wiki/Woking_F.C.
Wokingham Town,https://en.wikipedia.org/wiki/Wokingham_Town_F.C.
Wolverhampton Casuals,https://en.wikipedia.org/wiki/Wolverhampton_Casuals_F.C.
Wolverhampton Sporting,https://en.wikipedia.org/wiki/Wolverhampton_Sporting_C.F.C.
Wolverhampton Wanderers,https://en.wikipedia.org/wiki/Wolverhampton_Wanderers_F.C.
Wombwell Town,https://en.wikipedia.org/wiki/Wombwell_Town_F.C.
Woodbridge Town,https://en.wikipedia.org/wiki/Woodbridge_Town_F.C.
Woodford Town,https://en.wikipedia.org/wiki/Woodford_Town_F.C.
Woodley United,https://en.wikipedia.org/wiki/Woodley_United_F.C.
Worcester City,https://en.wikipedia.org/wiki/Worcester_City_F.C.
Worcester Raiders,https://en.wikipedia.org/wiki/Worcester_Raiders_F.C.
Workington,https://en.wikipedia.org/wiki/Workington_A.F.C.
Worksop Town,https://en.wikipedia.org/wiki/Worksop_Town_F.C.
Wormley Rovers,https://en.wikipedia.org/wiki/Wormley_Rovers_F.C.
Worsbrough Bridge Athletic,https://en.wikipedia.org/wiki/Worsbrough_Bridge_Athletic_F.C.
Worthing,https://en.wikipedia.org/wiki/Worthing_F.C.
Worthing United,https://en.wikipedia.org/wiki/Worthing_United_F.C.
Wrexham (WE),https://en.wikipedia.org/wiki/Wrexham_A.F.C.
Wroxham,https://en.wikipedia.org/wiki/Wroxham_F.C.
Wycombe Wanderers,https://en.wikipedia.org/wiki/Wycombe_Wanderers_F.C.
Wythenshawe,https://en.wikipedia.org/wiki/Wythenshawe_F.C.
Wythenshawe Town,https://en.wikipedia.org/wiki/Wythenshawe_Town_F.C.
Yarm & Eaglescliffe,https://en.wikipedia.org/wiki/Yarm_%26_Eaglescliffe_F.C.
Yate Town,https://en.wikipedia.org/wiki/Yate_Town_F.C.
Yateley United,https://en.wikipedia.org/wiki/Yateley_United_F.C.
Yaxley,https://en.wikipedia.org/wiki/Yaxley_F.C.
Yeovil Town,https://en.wikipedia.org/wiki/Yeovil_Town_F.C.
York City,https://en.wikipedia.org/wiki/York_City_F.C.
Yorkshire Amateur,https://en.wikipedia.org/wiki/Yorkshire_Amateur_A.F.C.
